model_family,checkpoint,loading_precision,dataset,batch_size,method,scoring_method,prompting_method,mask_strategy,mask_token,seed,n_shot,sample,mask_accuracy,accuracy
FLAN-T5,google/flan-t5-xl,FP16,anli,16,process_of_elimination,multiple_choice_prompt,multiple_choice_prompt,lowest,[MASK],0,0,100,0.8200,0.5700
FLAN-T5,google/flan-t5-xl,FP16,cqa,16,process_of_elimination,multiple_choice_prompt,multiple_choice_prompt,lowest,[MASK],0,0,100,0.9900,0.9000
FLAN-T5,google/flan-t5-xl,FP16,siqa,16,process_of_elimination,multiple_choice_prompt,multiple_choice_prompt,lowest,[MASK],0,0,100,0.9400,0.7600
FLAN-T5,google/flan-t5-xl,FP16,logical_deduction_five_objects,16,process_of_elimination,multiple_choice_prompt,multiple_choice_prompt,lowest,[MASK],0,0,100,0.8500,0.5200
FLAN-T5,google/flan-t5-xl,FP16,disambiguation_qa,16,process_of_elimination,multiple_choice_prompt,multiple_choice_prompt,lowest,[MASK],0,0,100,0.8200,0.6700
FLAN-T5,google/flan-t5-xl,FP16,conceptual_combinations,16,process_of_elimination,multiple_choice_prompt,multiple_choice_prompt,lowest,[MASK],0,0,100,0.9300,0.7600
FLAN-T5,google/flan-t5-xl,FP16,strange_stories,16,process_of_elimination,multiple_choice_prompt,multiple_choice_prompt,lowest,[MASK],0,0,100,0.9800,0.7600
FLAN-T5,google/flan-t5-xl,FP16,symbol_interpretation,16,process_of_elimination,multiple_choice_prompt,multiple_choice_prompt,lowest,[MASK],0,0,100,0.7900,0.1900
FLAN-T5,google/flan-t5-xl,FP16,anli,16,process_of_elimination,multiple_choice_prompt,multiple_choice_prompt,lowest,[N/A],0,0,100,0.8200,0.6000
FLAN-T5,google/flan-t5-xl,FP16,cqa,16,process_of_elimination,multiple_choice_prompt,multiple_choice_prompt,lowest,[N/A],0,0,100,0.9900,0.8900
FLAN-T5,google/flan-t5-xl,FP16,siqa,16,process_of_elimination,multiple_choice_prompt,multiple_choice_prompt,lowest,[N/A],0,0,100,0.9400,0.7500
FLAN-T5,google/flan-t5-xl,FP16,logical_deduction_five_objects,16,process_of_elimination,multiple_choice_prompt,multiple_choice_prompt,lowest,[N/A],0,0,100,0.8500,0.5300
FLAN-T5,google/flan-t5-xl,FP16,disambiguation_qa,16,process_of_elimination,multiple_choice_prompt,multiple_choice_prompt,lowest,[N/A],0,0,100,0.8200,0.6800
FLAN-T5,google/flan-t5-xl,FP16,conceptual_combinations,16,process_of_elimination,multiple_choice_prompt,multiple_choice_prompt,lowest,[N/A],0,0,100,0.9300,0.8000
FLAN-T5,google/flan-t5-xl,FP16,strange_stories,16,process_of_elimination,multiple_choice_prompt,multiple_choice_prompt,lowest,[N/A],0,0,100,0.9800,0.7700
FLAN-T5,google/flan-t5-xl,FP16,symbol_interpretation,16,process_of_elimination,multiple_choice_prompt,multiple_choice_prompt,lowest,[N/A],0,0,100,0.7900,0.1900
FLAN-T5,google/flan-t5-xl,FP16,anli,16,process_of_elimination,multiple_choice_prompt,multiple_choice_prompt,lowest,dasjhasjkdhjskdhds,0,0,100,0.8200,0.5600
FLAN-T5,google/flan-t5-xl,FP16,cqa,16,process_of_elimination,multiple_choice_prompt,multiple_choice_prompt,lowest,dasjhasjkdhjskdhds,0,0,100,0.9900,0.9000
FLAN-T5,google/flan-t5-xl,FP16,siqa,16,process_of_elimination,multiple_choice_prompt,multiple_choice_prompt,lowest,dasjhasjkdhjskdhds,0,0,100,0.9400,0.7400
FLAN-T5,google/flan-t5-xl,FP16,logical_deduction_five_objects,16,process_of_elimination,multiple_choice_prompt,multiple_choice_prompt,lowest,dasjhasjkdhjskdhds,0,0,100,0.8500,0.5000
FLAN-T5,google/flan-t5-xl,FP16,disambiguation_qa,16,process_of_elimination,multiple_choice_prompt,multiple_choice_prompt,lowest,dasjhasjkdhjskdhds,0,0,100,0.8200,0.6500
FLAN-T5,google/flan-t5-xl,FP16,conceptual_combinations,16,process_of_elimination,multiple_choice_prompt,multiple_choice_prompt,lowest,dasjhasjkdhjskdhds,0,0,100,0.9300,0.7600
FLAN-T5,google/flan-t5-xl,FP16,strange_stories,16,process_of_elimination,multiple_choice_prompt,multiple_choice_prompt,lowest,dasjhasjkdhjskdhds,0,0,100,0.9800,0.7600
FLAN-T5,google/flan-t5-xl,FP16,symbol_interpretation,16,process_of_elimination,multiple_choice_prompt,multiple_choice_prompt,lowest,dasjhasjkdhjskdhds,0,0,100,0.7900,0.1600
FLAN-T5,google/flan-t5-xl,FP16,anli,16,process_of_elimination,multiple_choice_prompt,multiple_choice_prompt,lowest,,0,0,100,0.8200,0.6000
FLAN-T5,google/flan-t5-xl,FP16,cqa,16,process_of_elimination,multiple_choice_prompt,multiple_choice_prompt,lowest,,0,0,100,0.9900,0.9000
FLAN-T5,google/flan-t5-xl,FP16,siqa,16,process_of_elimination,multiple_choice_prompt,multiple_choice_prompt,lowest,,0,0,100,0.9400,0.7700
FLAN-T5,google/flan-t5-xl,FP16,logical_deduction_five_objects,16,process_of_elimination,multiple_choice_prompt,multiple_choice_prompt,lowest,,0,0,100,0.8500,0.5400
FLAN-T5,google/flan-t5-xl,FP16,disambiguation_qa,16,process_of_elimination,multiple_choice_prompt,multiple_choice_prompt,lowest,,0,0,100,0.8200,0.6400
FLAN-T5,google/flan-t5-xl,FP16,conceptual_combinations,16,process_of_elimination,multiple_choice_prompt,multiple_choice_prompt,lowest,,0,0,100,0.9300,0.7900
FLAN-T5,google/flan-t5-xl,FP16,strange_stories,16,process_of_elimination,multiple_choice_prompt,multiple_choice_prompt,lowest,,0,0,100,0.9800,0.8000
FLAN-T5,google/flan-t5-xl,FP16,symbol_interpretation,16,process_of_elimination,multiple_choice_prompt,multiple_choice_prompt,lowest,,0,0,100,0.7900,0.1900
FLAN-T5,google/flan-t5-xl,FP16,anli,16,process_of_elimination,multiple_choice_prompt,multiple_choice_prompt,lowest,[mask],0,0,100,0.8200,0.5600
FLAN-T5,google/flan-t5-xl,FP16,cqa,16,process_of_elimination,multiple_choice_prompt,multiple_choice_prompt,lowest,[mask],0,0,100,0.9900,0.8900
FLAN-T5,google/flan-t5-xl,FP16,siqa,16,process_of_elimination,multiple_choice_prompt,multiple_choice_prompt,lowest,[mask],0,0,100,0.9400,0.7600
FLAN-T5,google/flan-t5-xl,FP16,logical_deduction_five_objects,16,process_of_elimination,multiple_choice_prompt,multiple_choice_prompt,lowest,[mask],0,0,100,0.8500,0.5200
FLAN-T5,google/flan-t5-xl,FP16,disambiguation_qa,16,process_of_elimination,multiple_choice_prompt,multiple_choice_prompt,lowest,[mask],0,0,100,0.8200,0.6700
FLAN-T5,google/flan-t5-xl,FP16,conceptual_combinations,16,process_of_elimination,multiple_choice_prompt,multiple_choice_prompt,lowest,[mask],0,0,100,0.9300,0.7600
FLAN-T5,google/flan-t5-xl,FP16,strange_stories,16,process_of_elimination,multiple_choice_prompt,multiple_choice_prompt,lowest,[mask],0,0,100,0.9800,0.7700
FLAN-T5,google/flan-t5-xl,FP16,symbol_interpretation,16,process_of_elimination,multiple_choice_prompt,multiple_choice_prompt,lowest,[mask],0,0,100,0.7900,0.1800
FLAN-T5,google/flan-t5-xl,FP16,anli,16,process_of_elimination,multiple_choice_prompt,multiple_choice_prompt,lowest,[MASK],1,0,100,0.8900,0.5500
FLAN-T5,google/flan-t5-xl,FP16,cqa,16,process_of_elimination,multiple_choice_prompt,multiple_choice_prompt,lowest,[MASK],1,0,100,1.0000,0.8900
FLAN-T5,google/flan-t5-xl,FP16,siqa,16,process_of_elimination,multiple_choice_prompt,multiple_choice_prompt,lowest,[MASK],1,0,100,0.9500,0.8000
FLAN-T5,google/flan-t5-xl,FP16,logical_deduction_five_objects,16,process_of_elimination,multiple_choice_prompt,multiple_choice_prompt,lowest,[MASK],1,0,100,0.8900,0.5400
FLAN-T5,google/flan-t5-xl,FP16,disambiguation_qa,16,process_of_elimination,multiple_choice_prompt,multiple_choice_prompt,lowest,[MASK],1,0,100,0.8300,0.6900
FLAN-T5,google/flan-t5-xl,FP16,conceptual_combinations,16,process_of_elimination,multiple_choice_prompt,multiple_choice_prompt,lowest,[MASK],1,0,100,0.9200,0.7600
FLAN-T5,google/flan-t5-xl,FP16,strange_stories,16,process_of_elimination,multiple_choice_prompt,multiple_choice_prompt,lowest,[MASK],1,0,100,0.9700,0.7500
FLAN-T5,google/flan-t5-xl,FP16,symbol_interpretation,16,process_of_elimination,multiple_choice_prompt,multiple_choice_prompt,lowest,[MASK],1,0,100,0.8900,0.2800
FLAN-T5,google/flan-t5-xl,FP16,anli,16,process_of_elimination,multiple_choice_prompt,multiple_choice_prompt,lowest,[N/A],1,0,100,0.8900,0.5700
FLAN-T5,google/flan-t5-xl,FP16,cqa,16,process_of_elimination,multiple_choice_prompt,multiple_choice_prompt,lowest,[N/A],1,0,100,1.0000,0.9000
FLAN-T5,google/flan-t5-xl,FP16,siqa,16,process_of_elimination,multiple_choice_prompt,multiple_choice_prompt,lowest,[N/A],1,0,100,0.9500,0.8100
FLAN-T5,google/flan-t5-xl,FP16,logical_deduction_five_objects,16,process_of_elimination,multiple_choice_prompt,multiple_choice_prompt,lowest,[N/A],1,0,100,0.8900,0.5400
FLAN-T5,google/flan-t5-xl,FP16,disambiguation_qa,16,process_of_elimination,multiple_choice_prompt,multiple_choice_prompt,lowest,[N/A],1,0,100,0.8300,0.6800
FLAN-T5,google/flan-t5-xl,FP16,conceptual_combinations,16,process_of_elimination,multiple_choice_prompt,multiple_choice_prompt,lowest,[N/A],1,0,100,0.9200,0.7900
FLAN-T5,google/flan-t5-xl,FP16,strange_stories,16,process_of_elimination,multiple_choice_prompt,multiple_choice_prompt,lowest,[N/A],1,0,100,0.9700,0.7500
FLAN-T5,google/flan-t5-xl,FP16,symbol_interpretation,16,process_of_elimination,multiple_choice_prompt,multiple_choice_prompt,lowest,[N/A],1,0,100,0.8900,0.2800
FLAN-T5,google/flan-t5-xl,FP16,anli,16,process_of_elimination,multiple_choice_prompt,multiple_choice_prompt,lowest,dasjhasjkdhjskdhds,1,0,100,0.8900,0.5500
FLAN-T5,google/flan-t5-xl,FP16,cqa,16,process_of_elimination,multiple_choice_prompt,multiple_choice_prompt,lowest,dasjhasjkdhjskdhds,1,0,100,1.0000,0.9000
FLAN-T5,google/flan-t5-xl,FP16,siqa,16,process_of_elimination,multiple_choice_prompt,multiple_choice_prompt,lowest,dasjhasjkdhjskdhds,1,0,100,0.9500,0.8000
FLAN-T5,google/flan-t5-xl,FP16,logical_deduction_five_objects,16,process_of_elimination,multiple_choice_prompt,multiple_choice_prompt,lowest,dasjhasjkdhjskdhds,1,0,100,0.8900,0.5300
FLAN-T5,google/flan-t5-xl,FP16,disambiguation_qa,16,process_of_elimination,multiple_choice_prompt,multiple_choice_prompt,lowest,dasjhasjkdhjskdhds,1,0,100,0.8300,0.6800
FLAN-T5,google/flan-t5-xl,FP16,conceptual_combinations,16,process_of_elimination,multiple_choice_prompt,multiple_choice_prompt,lowest,dasjhasjkdhjskdhds,1,0,100,0.9200,0.7700
FLAN-T5,google/flan-t5-xl,FP16,strange_stories,16,process_of_elimination,multiple_choice_prompt,multiple_choice_prompt,lowest,dasjhasjkdhjskdhds,1,0,100,0.9700,0.7500
FLAN-T5,google/flan-t5-xl,FP16,symbol_interpretation,16,process_of_elimination,multiple_choice_prompt,multiple_choice_prompt,lowest,dasjhasjkdhjskdhds,1,0,100,0.8900,0.2700
FLAN-T5,google/flan-t5-xl,FP16,anli,16,process_of_elimination,multiple_choice_prompt,multiple_choice_prompt,lowest,,1,0,100,0.8900,0.6200
FLAN-T5,google/flan-t5-xl,FP16,cqa,16,process_of_elimination,multiple_choice_prompt,multiple_choice_prompt,lowest,,1,0,100,1.0000,0.8600
FLAN-T5,google/flan-t5-xl,FP16,siqa,16,process_of_elimination,multiple_choice_prompt,multiple_choice_prompt,lowest,,1,0,100,0.9500,0.8100
FLAN-T5,google/flan-t5-xl,FP16,logical_deduction_five_objects,16,process_of_elimination,multiple_choice_prompt,multiple_choice_prompt,lowest,,1,0,100,0.8900,0.5300
FLAN-T5,google/flan-t5-xl,FP16,disambiguation_qa,16,process_of_elimination,multiple_choice_prompt,multiple_choice_prompt,lowest,,1,0,100,0.8300,0.6800
FLAN-T5,google/flan-t5-xl,FP16,conceptual_combinations,16,process_of_elimination,multiple_choice_prompt,multiple_choice_prompt,lowest,,1,0,100,0.9200,0.7900
FLAN-T5,google/flan-t5-xl,FP16,strange_stories,16,process_of_elimination,multiple_choice_prompt,multiple_choice_prompt,lowest,,1,0,100,0.9700,0.7800
FLAN-T5,google/flan-t5-xl,FP16,symbol_interpretation,16,process_of_elimination,multiple_choice_prompt,multiple_choice_prompt,lowest,,1,0,100,0.8900,0.3000
FLAN-T5,google/flan-t5-xl,FP16,anli,16,process_of_elimination,multiple_choice_prompt,multiple_choice_prompt,lowest,[mask],1,0,100,0.8900,0.5600
FLAN-T5,google/flan-t5-xl,FP16,cqa,16,process_of_elimination,multiple_choice_prompt,multiple_choice_prompt,lowest,[mask],1,0,100,1.0000,0.8900
FLAN-T5,google/flan-t5-xl,FP16,siqa,16,process_of_elimination,multiple_choice_prompt,multiple_choice_prompt,lowest,[mask],1,0,100,0.9500,0.8100
FLAN-T5,google/flan-t5-xl,FP16,logical_deduction_five_objects,16,process_of_elimination,multiple_choice_prompt,multiple_choice_prompt,lowest,[mask],1,0,100,0.8900,0.5300
FLAN-T5,google/flan-t5-xl,FP16,disambiguation_qa,16,process_of_elimination,multiple_choice_prompt,multiple_choice_prompt,lowest,[mask],1,0,100,0.8300,0.6900
FLAN-T5,google/flan-t5-xl,FP16,conceptual_combinations,16,process_of_elimination,multiple_choice_prompt,multiple_choice_prompt,lowest,[mask],1,0,100,0.9200,0.7600
FLAN-T5,google/flan-t5-xl,FP16,strange_stories,16,process_of_elimination,multiple_choice_prompt,multiple_choice_prompt,lowest,[mask],1,0,100,0.9700,0.7600
FLAN-T5,google/flan-t5-xl,FP16,symbol_interpretation,16,process_of_elimination,multiple_choice_prompt,multiple_choice_prompt,lowest,[mask],1,0,100,0.8900,0.2800
FLAN-T5,google/flan-t5-xl,FP16,anli,16,process_of_elimination,multiple_choice_prompt,multiple_choice_prompt,lowest,[MASK],2,0,100,0.8600,0.5500
FLAN-T5,google/flan-t5-xl,FP16,cqa,16,process_of_elimination,multiple_choice_prompt,multiple_choice_prompt,lowest,[MASK],2,0,100,1.0000,0.8500
FLAN-T5,google/flan-t5-xl,FP16,siqa,16,process_of_elimination,multiple_choice_prompt,multiple_choice_prompt,lowest,[MASK],2,0,100,0.9500,0.8200
FLAN-T5,google/flan-t5-xl,FP16,logical_deduction_five_objects,16,process_of_elimination,multiple_choice_prompt,multiple_choice_prompt,lowest,[MASK],2,0,100,0.9100,0.5500
FLAN-T5,google/flan-t5-xl,FP16,disambiguation_qa,16,process_of_elimination,multiple_choice_prompt,multiple_choice_prompt,lowest,[MASK],2,0,100,0.8200,0.6600
FLAN-T5,google/flan-t5-xl,FP16,conceptual_combinations,16,process_of_elimination,multiple_choice_prompt,multiple_choice_prompt,lowest,[MASK],2,0,100,0.9200,0.7600
FLAN-T5,google/flan-t5-xl,FP16,strange_stories,16,process_of_elimination,multiple_choice_prompt,multiple_choice_prompt,lowest,[MASK],2,0,100,0.9600,0.7600
FLAN-T5,google/flan-t5-xl,FP16,symbol_interpretation,16,process_of_elimination,multiple_choice_prompt,multiple_choice_prompt,lowest,[MASK],2,0,100,0.8200,0.2500
FLAN-T5,google/flan-t5-xl,FP16,anli,16,process_of_elimination,multiple_choice_prompt,multiple_choice_prompt,lowest,[N/A],2,0,100,0.8600,0.5400
FLAN-T5,google/flan-t5-xl,FP16,cqa,16,process_of_elimination,multiple_choice_prompt,multiple_choice_prompt,lowest,[N/A],2,0,100,1.0000,0.8500
FLAN-T5,google/flan-t5-xl,FP16,siqa,16,process_of_elimination,multiple_choice_prompt,multiple_choice_prompt,lowest,[N/A],2,0,100,0.9500,0.8400
FLAN-T5,google/flan-t5-xl,FP16,logical_deduction_five_objects,16,process_of_elimination,multiple_choice_prompt,multiple_choice_prompt,lowest,[N/A],2,0,100,0.9100,0.5600
FLAN-T5,google/flan-t5-xl,FP16,disambiguation_qa,16,process_of_elimination,multiple_choice_prompt,multiple_choice_prompt,lowest,[N/A],2,0,100,0.8200,0.6700
FLAN-T5,google/flan-t5-xl,FP16,conceptual_combinations,16,process_of_elimination,multiple_choice_prompt,multiple_choice_prompt,lowest,[N/A],2,0,100,0.9200,0.7900
FLAN-T5,google/flan-t5-xl,FP16,strange_stories,16,process_of_elimination,multiple_choice_prompt,multiple_choice_prompt,lowest,[N/A],2,0,100,0.9600,0.7700
FLAN-T5,google/flan-t5-xl,FP16,symbol_interpretation,16,process_of_elimination,multiple_choice_prompt,multiple_choice_prompt,lowest,[N/A],2,0,100,0.8200,0.2200
FLAN-T5,google/flan-t5-xl,FP16,anli,16,process_of_elimination,multiple_choice_prompt,multiple_choice_prompt,lowest,dasjhasjkdhjskdhds,2,0,100,0.8600,0.5500
FLAN-T5,google/flan-t5-xl,FP16,cqa,16,process_of_elimination,multiple_choice_prompt,multiple_choice_prompt,lowest,dasjhasjkdhjskdhds,2,0,100,1.0000,0.8600
FLAN-T5,google/flan-t5-xl,FP16,siqa,16,process_of_elimination,multiple_choice_prompt,multiple_choice_prompt,lowest,dasjhasjkdhjskdhds,2,0,100,0.9500,0.8300
FLAN-T5,google/flan-t5-xl,FP16,logical_deduction_five_objects,16,process_of_elimination,multiple_choice_prompt,multiple_choice_prompt,lowest,dasjhasjkdhjskdhds,2,0,100,0.9100,0.5300
FLAN-T5,google/flan-t5-xl,FP16,disambiguation_qa,16,process_of_elimination,multiple_choice_prompt,multiple_choice_prompt,lowest,dasjhasjkdhjskdhds,2,0,100,0.8200,0.6500
FLAN-T5,google/flan-t5-xl,FP16,conceptual_combinations,16,process_of_elimination,multiple_choice_prompt,multiple_choice_prompt,lowest,dasjhasjkdhjskdhds,2,0,100,0.9200,0.7600
FLAN-T5,google/flan-t5-xl,FP16,strange_stories,16,process_of_elimination,multiple_choice_prompt,multiple_choice_prompt,lowest,dasjhasjkdhjskdhds,2,0,100,0.9600,0.7600
FLAN-T5,google/flan-t5-xl,FP16,symbol_interpretation,16,process_of_elimination,multiple_choice_prompt,multiple_choice_prompt,lowest,dasjhasjkdhjskdhds,2,0,100,0.8200,0.2000
FLAN-T5,google/flan-t5-xl,FP16,anli,16,process_of_elimination,multiple_choice_prompt,multiple_choice_prompt,lowest,,2,0,100,0.8600,0.5600
FLAN-T5,google/flan-t5-xl,FP16,cqa,16,process_of_elimination,multiple_choice_prompt,multiple_choice_prompt,lowest,,2,0,100,1.0000,0.8100
FLAN-T5,google/flan-t5-xl,FP16,siqa,16,process_of_elimination,multiple_choice_prompt,multiple_choice_prompt,lowest,,2,0,100,0.9500,0.8300
FLAN-T5,google/flan-t5-xl,FP16,logical_deduction_five_objects,16,process_of_elimination,multiple_choice_prompt,multiple_choice_prompt,lowest,,2,0,100,0.9100,0.5300
FLAN-T5,google/flan-t5-xl,FP16,disambiguation_qa,16,process_of_elimination,multiple_choice_prompt,multiple_choice_prompt,lowest,,2,0,100,0.8200,0.6500
FLAN-T5,google/flan-t5-xl,FP16,conceptual_combinations,16,process_of_elimination,multiple_choice_prompt,multiple_choice_prompt,lowest,,2,0,100,0.9200,0.7900
FLAN-T5,google/flan-t5-xl,FP16,strange_stories,16,process_of_elimination,multiple_choice_prompt,multiple_choice_prompt,lowest,,2,0,100,0.9600,0.7900
FLAN-T5,google/flan-t5-xl,FP16,symbol_interpretation,16,process_of_elimination,multiple_choice_prompt,multiple_choice_prompt,lowest,,2,0,100,0.8200,0.2300
FLAN-T5,google/flan-t5-xl,FP16,anli,16,process_of_elimination,multiple_choice_prompt,multiple_choice_prompt,lowest,[mask],2,0,100,0.8600,0.5500
FLAN-T5,google/flan-t5-xl,FP16,cqa,16,process_of_elimination,multiple_choice_prompt,multiple_choice_prompt,lowest,[mask],2,0,100,1.0000,0.8500
FLAN-T5,google/flan-t5-xl,FP16,siqa,16,process_of_elimination,multiple_choice_prompt,multiple_choice_prompt,lowest,[mask],2,0,100,0.9500,0.8300
FLAN-T5,google/flan-t5-xl,FP16,logical_deduction_five_objects,16,process_of_elimination,multiple_choice_prompt,multiple_choice_prompt,lowest,[mask],2,0,100,0.9100,0.5400
FLAN-T5,google/flan-t5-xl,FP16,disambiguation_qa,16,process_of_elimination,multiple_choice_prompt,multiple_choice_prompt,lowest,[mask],2,0,100,0.8200,0.6600
FLAN-T5,google/flan-t5-xl,FP16,conceptual_combinations,16,process_of_elimination,multiple_choice_prompt,multiple_choice_prompt,lowest,[mask],2,0,100,0.9200,0.7600
FLAN-T5,google/flan-t5-xl,FP16,strange_stories,16,process_of_elimination,multiple_choice_prompt,multiple_choice_prompt,lowest,[mask],2,0,100,0.9600,0.7700
FLAN-T5,google/flan-t5-xl,FP16,symbol_interpretation,16,process_of_elimination,multiple_choice_prompt,multiple_choice_prompt,lowest,[mask],2,0,100,0.8200,0.2400
FLAN-T5,google/flan-t5-xl,FP16,anli,16,process_of_elimination,multiple_choice_prompt,multiple_choice_prompt,lowest,[MASK],3,0,100,0.8800,0.5600
FLAN-T5,google/flan-t5-xl,FP16,cqa,16,process_of_elimination,multiple_choice_prompt,multiple_choice_prompt,lowest,[MASK],3,0,100,1.0000,0.9000
FLAN-T5,google/flan-t5-xl,FP16,siqa,16,process_of_elimination,multiple_choice_prompt,multiple_choice_prompt,lowest,[MASK],3,0,100,0.9400,0.9000
FLAN-T5,google/flan-t5-xl,FP16,logical_deduction_five_objects,16,process_of_elimination,multiple_choice_prompt,multiple_choice_prompt,lowest,[MASK],3,0,100,0.9000,0.5700
FLAN-T5,google/flan-t5-xl,FP16,disambiguation_qa,16,process_of_elimination,multiple_choice_prompt,multiple_choice_prompt,lowest,[MASK],3,0,100,0.9000,0.7200
FLAN-T5,google/flan-t5-xl,FP16,conceptual_combinations,16,process_of_elimination,multiple_choice_prompt,multiple_choice_prompt,lowest,[MASK],3,0,100,0.9200,0.7500
FLAN-T5,google/flan-t5-xl,FP16,strange_stories,16,process_of_elimination,multiple_choice_prompt,multiple_choice_prompt,lowest,[MASK],3,0,100,0.9700,0.7600
FLAN-T5,google/flan-t5-xl,FP16,symbol_interpretation,16,process_of_elimination,multiple_choice_prompt,multiple_choice_prompt,lowest,[MASK],3,0,100,0.8500,0.2000
FLAN-T5,google/flan-t5-xl,FP16,anli,16,process_of_elimination,multiple_choice_prompt,multiple_choice_prompt,lowest,[N/A],3,0,100,0.8800,0.5600
FLAN-T5,google/flan-t5-xl,FP16,cqa,16,process_of_elimination,multiple_choice_prompt,multiple_choice_prompt,lowest,[N/A],3,0,100,1.0000,0.9000
FLAN-T5,google/flan-t5-xl,FP16,siqa,16,process_of_elimination,multiple_choice_prompt,multiple_choice_prompt,lowest,[N/A],3,0,100,0.9400,0.8800
FLAN-T5,google/flan-t5-xl,FP16,logical_deduction_five_objects,16,process_of_elimination,multiple_choice_prompt,multiple_choice_prompt,lowest,[N/A],3,0,100,0.9000,0.5800
FLAN-T5,google/flan-t5-xl,FP16,disambiguation_qa,16,process_of_elimination,multiple_choice_prompt,multiple_choice_prompt,lowest,[N/A],3,0,100,0.9000,0.7200
FLAN-T5,google/flan-t5-xl,FP16,conceptual_combinations,16,process_of_elimination,multiple_choice_prompt,multiple_choice_prompt,lowest,[N/A],3,0,100,0.9200,0.7800
FLAN-T5,google/flan-t5-xl,FP16,strange_stories,16,process_of_elimination,multiple_choice_prompt,multiple_choice_prompt,lowest,[N/A],3,0,100,0.9700,0.7600
FLAN-T5,google/flan-t5-xl,FP16,symbol_interpretation,16,process_of_elimination,multiple_choice_prompt,multiple_choice_prompt,lowest,[N/A],3,0,100,0.8500,0.1800
FLAN-T5,google/flan-t5-xl,FP16,anli,16,process_of_elimination,multiple_choice_prompt,multiple_choice_prompt,lowest,dasjhasjkdhjskdhds,3,0,100,0.8800,0.5500
FLAN-T5,google/flan-t5-xl,FP16,cqa,16,process_of_elimination,multiple_choice_prompt,multiple_choice_prompt,lowest,dasjhasjkdhjskdhds,3,0,100,1.0000,0.9100
FLAN-T5,google/flan-t5-xl,FP16,siqa,16,process_of_elimination,multiple_choice_prompt,multiple_choice_prompt,lowest,dasjhasjkdhjskdhds,3,0,100,0.9400,0.8800
FLAN-T5,google/flan-t5-xl,FP16,logical_deduction_five_objects,16,process_of_elimination,multiple_choice_prompt,multiple_choice_prompt,lowest,dasjhasjkdhjskdhds,3,0,100,0.9000,0.5500
FLAN-T5,google/flan-t5-xl,FP16,disambiguation_qa,16,process_of_elimination,multiple_choice_prompt,multiple_choice_prompt,lowest,dasjhasjkdhjskdhds,3,0,100,0.9000,0.7200
FLAN-T5,google/flan-t5-xl,FP16,conceptual_combinations,16,process_of_elimination,multiple_choice_prompt,multiple_choice_prompt,lowest,dasjhasjkdhjskdhds,3,0,100,0.9200,0.7500
FLAN-T5,google/flan-t5-xl,FP16,strange_stories,16,process_of_elimination,multiple_choice_prompt,multiple_choice_prompt,lowest,dasjhasjkdhjskdhds,3,0,100,0.9700,0.7600
FLAN-T5,google/flan-t5-xl,FP16,symbol_interpretation,16,process_of_elimination,multiple_choice_prompt,multiple_choice_prompt,lowest,dasjhasjkdhjskdhds,3,0,100,0.8500,0.2000
FLAN-T5,google/flan-t5-xl,FP16,anli,16,process_of_elimination,multiple_choice_prompt,multiple_choice_prompt,lowest,,3,0,100,0.8800,0.5700
FLAN-T5,google/flan-t5-xl,FP16,cqa,16,process_of_elimination,multiple_choice_prompt,multiple_choice_prompt,lowest,,3,0,100,1.0000,0.8800
FLAN-T5,google/flan-t5-xl,FP16,siqa,16,process_of_elimination,multiple_choice_prompt,multiple_choice_prompt,lowest,,3,0,100,0.9400,0.8800
FLAN-T5,google/flan-t5-xl,FP16,logical_deduction_five_objects,16,process_of_elimination,multiple_choice_prompt,multiple_choice_prompt,lowest,,3,0,100,0.9000,0.5600
FLAN-T5,google/flan-t5-xl,FP16,disambiguation_qa,16,process_of_elimination,multiple_choice_prompt,multiple_choice_prompt,lowest,,3,0,100,0.9000,0.7000
FLAN-T5,google/flan-t5-xl,FP16,conceptual_combinations,16,process_of_elimination,multiple_choice_prompt,multiple_choice_prompt,lowest,,3,0,100,0.9200,0.7800
FLAN-T5,google/flan-t5-xl,FP16,strange_stories,16,process_of_elimination,multiple_choice_prompt,multiple_choice_prompt,lowest,,3,0,100,0.9700,0.7800
FLAN-T5,google/flan-t5-xl,FP16,symbol_interpretation,16,process_of_elimination,multiple_choice_prompt,multiple_choice_prompt,lowest,,3,0,100,0.8500,0.1800
FLAN-T5,google/flan-t5-xl,FP16,anli,16,process_of_elimination,multiple_choice_prompt,multiple_choice_prompt,lowest,[mask],3,0,100,0.8800,0.5700
FLAN-T5,google/flan-t5-xl,FP16,cqa,16,process_of_elimination,multiple_choice_prompt,multiple_choice_prompt,lowest,[mask],3,0,100,1.0000,0.8900
FLAN-T5,google/flan-t5-xl,FP16,siqa,16,process_of_elimination,multiple_choice_prompt,multiple_choice_prompt,lowest,[mask],3,0,100,0.9400,0.9000
FLAN-T5,google/flan-t5-xl,FP16,logical_deduction_five_objects,16,process_of_elimination,multiple_choice_prompt,multiple_choice_prompt,lowest,[mask],3,0,100,0.9000,0.5600
FLAN-T5,google/flan-t5-xl,FP16,disambiguation_qa,16,process_of_elimination,multiple_choice_prompt,multiple_choice_prompt,lowest,[mask],3,0,100,0.9000,0.7200
FLAN-T5,google/flan-t5-xl,FP16,conceptual_combinations,16,process_of_elimination,multiple_choice_prompt,multiple_choice_prompt,lowest,[mask],3,0,100,0.9200,0.7500
FLAN-T5,google/flan-t5-xl,FP16,strange_stories,16,process_of_elimination,multiple_choice_prompt,multiple_choice_prompt,lowest,[mask],3,0,100,0.9700,0.7700
FLAN-T5,google/flan-t5-xl,FP16,symbol_interpretation,16,process_of_elimination,multiple_choice_prompt,multiple_choice_prompt,lowest,[mask],3,0,100,0.8500,0.2000
FLAN-T5,google/flan-t5-xl,FP16,anli,16,process_of_elimination,multiple_choice_prompt,multiple_choice_prompt,lowest,[MASK],4,0,100,0.8200,0.5500
FLAN-T5,google/flan-t5-xl,FP16,cqa,16,process_of_elimination,multiple_choice_prompt,multiple_choice_prompt,lowest,[MASK],4,0,100,1.0000,0.9200
FLAN-T5,google/flan-t5-xl,FP16,siqa,16,process_of_elimination,multiple_choice_prompt,multiple_choice_prompt,lowest,[MASK],4,0,100,0.9600,0.8200
FLAN-T5,google/flan-t5-xl,FP16,logical_deduction_five_objects,16,process_of_elimination,multiple_choice_prompt,multiple_choice_prompt,lowest,[MASK],4,0,100,0.9100,0.6200
FLAN-T5,google/flan-t5-xl,FP16,disambiguation_qa,16,process_of_elimination,multiple_choice_prompt,multiple_choice_prompt,lowest,[MASK],4,0,100,0.8100,0.6500
FLAN-T5,google/flan-t5-xl,FP16,conceptual_combinations,16,process_of_elimination,multiple_choice_prompt,multiple_choice_prompt,lowest,[MASK],4,0,100,0.9300,0.7700
FLAN-T5,google/flan-t5-xl,FP16,strange_stories,16,process_of_elimination,multiple_choice_prompt,multiple_choice_prompt,lowest,[MASK],4,0,100,0.9600,0.7500
FLAN-T5,google/flan-t5-xl,FP16,symbol_interpretation,16,process_of_elimination,multiple_choice_prompt,multiple_choice_prompt,lowest,[MASK],4,0,100,0.8600,0.2500
FLAN-T5,google/flan-t5-xl,FP16,anli,16,process_of_elimination,multiple_choice_prompt,multiple_choice_prompt,lowest,[N/A],4,0,100,0.8200,0.5400
FLAN-T5,google/flan-t5-xl,FP16,cqa,16,process_of_elimination,multiple_choice_prompt,multiple_choice_prompt,lowest,[N/A],4,0,100,1.0000,0.9200
FLAN-T5,google/flan-t5-xl,FP16,siqa,16,process_of_elimination,multiple_choice_prompt,multiple_choice_prompt,lowest,[N/A],4,0,100,0.9600,0.8300
FLAN-T5,google/flan-t5-xl,FP16,logical_deduction_five_objects,16,process_of_elimination,multiple_choice_prompt,multiple_choice_prompt,lowest,[N/A],4,0,100,0.9100,0.6300
FLAN-T5,google/flan-t5-xl,FP16,disambiguation_qa,16,process_of_elimination,multiple_choice_prompt,multiple_choice_prompt,lowest,[N/A],4,0,100,0.8100,0.6600
FLAN-T5,google/flan-t5-xl,FP16,conceptual_combinations,16,process_of_elimination,multiple_choice_prompt,multiple_choice_prompt,lowest,[N/A],4,0,100,0.9300,0.8000
FLAN-T5,google/flan-t5-xl,FP16,strange_stories,16,process_of_elimination,multiple_choice_prompt,multiple_choice_prompt,lowest,[N/A],4,0,100,0.9600,0.7600
FLAN-T5,google/flan-t5-xl,FP16,symbol_interpretation,16,process_of_elimination,multiple_choice_prompt,multiple_choice_prompt,lowest,[N/A],4,0,100,0.8600,0.2300
FLAN-T5,google/flan-t5-xl,FP16,anli,16,process_of_elimination,multiple_choice_prompt,multiple_choice_prompt,lowest,dasjhasjkdhjskdhds,4,0,100,0.8200,0.5300
FLAN-T5,google/flan-t5-xl,FP16,cqa,16,process_of_elimination,multiple_choice_prompt,multiple_choice_prompt,lowest,dasjhasjkdhjskdhds,4,0,100,1.0000,0.9100
FLAN-T5,google/flan-t5-xl,FP16,siqa,16,process_of_elimination,multiple_choice_prompt,multiple_choice_prompt,lowest,dasjhasjkdhjskdhds,4,0,100,0.9600,0.8300
FLAN-T5,google/flan-t5-xl,FP16,logical_deduction_five_objects,16,process_of_elimination,multiple_choice_prompt,multiple_choice_prompt,lowest,dasjhasjkdhjskdhds,4,0,100,0.9100,0.6300
FLAN-T5,google/flan-t5-xl,FP16,disambiguation_qa,16,process_of_elimination,multiple_choice_prompt,multiple_choice_prompt,lowest,dasjhasjkdhjskdhds,4,0,100,0.8100,0.6400
FLAN-T5,google/flan-t5-xl,FP16,conceptual_combinations,16,process_of_elimination,multiple_choice_prompt,multiple_choice_prompt,lowest,dasjhasjkdhjskdhds,4,0,100,0.9300,0.7700
FLAN-T5,google/flan-t5-xl,FP16,strange_stories,16,process_of_elimination,multiple_choice_prompt,multiple_choice_prompt,lowest,dasjhasjkdhjskdhds,4,0,100,0.9600,0.7600
FLAN-T5,google/flan-t5-xl,FP16,symbol_interpretation,16,process_of_elimination,multiple_choice_prompt,multiple_choice_prompt,lowest,dasjhasjkdhjskdhds,4,0,100,0.8600,0.2400
FLAN-T5,google/flan-t5-xl,FP16,anli,16,process_of_elimination,multiple_choice_prompt,multiple_choice_prompt,lowest,,4,0,100,0.8200,0.5100
FLAN-T5,google/flan-t5-xl,FP16,cqa,16,process_of_elimination,multiple_choice_prompt,multiple_choice_prompt,lowest,,4,0,100,1.0000,0.8900
FLAN-T5,google/flan-t5-xl,FP16,siqa,16,process_of_elimination,multiple_choice_prompt,multiple_choice_prompt,lowest,,4,0,100,0.9600,0.8200
FLAN-T5,google/flan-t5-xl,FP16,logical_deduction_five_objects,16,process_of_elimination,multiple_choice_prompt,multiple_choice_prompt,lowest,,4,0,100,0.9100,0.6500
FLAN-T5,google/flan-t5-xl,FP16,disambiguation_qa,16,process_of_elimination,multiple_choice_prompt,multiple_choice_prompt,lowest,,4,0,100,0.8100,0.6500
FLAN-T5,google/flan-t5-xl,FP16,conceptual_combinations,16,process_of_elimination,multiple_choice_prompt,multiple_choice_prompt,lowest,,4,0,100,0.9300,0.8000
FLAN-T5,google/flan-t5-xl,FP16,strange_stories,16,process_of_elimination,multiple_choice_prompt,multiple_choice_prompt,lowest,,4,0,100,0.9600,0.7800
FLAN-T5,google/flan-t5-xl,FP16,symbol_interpretation,16,process_of_elimination,multiple_choice_prompt,multiple_choice_prompt,lowest,,4,0,100,0.8600,0.2600
FLAN-T5,google/flan-t5-xl,FP16,anli,16,process_of_elimination,multiple_choice_prompt,multiple_choice_prompt,lowest,[mask],4,0,100,0.8200,0.5500
FLAN-T5,google/flan-t5-xl,FP16,cqa,16,process_of_elimination,multiple_choice_prompt,multiple_choice_prompt,lowest,[mask],4,0,100,1.0000,0.9200
FLAN-T5,google/flan-t5-xl,FP16,siqa,16,process_of_elimination,multiple_choice_prompt,multiple_choice_prompt,lowest,[mask],4,0,100,0.9600,0.8300
FLAN-T5,google/flan-t5-xl,FP16,logical_deduction_five_objects,16,process_of_elimination,multiple_choice_prompt,multiple_choice_prompt,lowest,[mask],4,0,100,0.9100,0.6200
FLAN-T5,google/flan-t5-xl,FP16,disambiguation_qa,16,process_of_elimination,multiple_choice_prompt,multiple_choice_prompt,lowest,[mask],4,0,100,0.8100,0.6500
FLAN-T5,google/flan-t5-xl,FP16,conceptual_combinations,16,process_of_elimination,multiple_choice_prompt,multiple_choice_prompt,lowest,[mask],4,0,100,0.9300,0.7700
FLAN-T5,google/flan-t5-xl,FP16,strange_stories,16,process_of_elimination,multiple_choice_prompt,multiple_choice_prompt,lowest,[mask],4,0,100,0.9600,0.7600
FLAN-T5,google/flan-t5-xl,FP16,symbol_interpretation,16,process_of_elimination,multiple_choice_prompt,multiple_choice_prompt,lowest,[mask],4,0,100,0.8600,0.2600

